{"ts_means": [84.58701345113482, 97.19429490468167, 36.98041314213537, 123.79945449334521, 82.39042165846003, 63.80410392798369, 18.726798052929162, 32.92062738645233, -0.6933042314959083, 24.06388374185323, 0.5650167135515651, 7.379113304565764, 41.00620651122078, 92.66394282048678, 253.3775388588171, 23.89300798546503, 103.29289258683775, 7.557476586549305, 105.85115761353518, 1.5114876268238824, 1.9076984736728608, 137.03966508044448, 2.6729422283062823, 2.053378299174926, 3.5389535462100983, 4.134202889705173, 2.1783249843838566, 8.267390613881204, 30.795570606296817, 10.43000436465594, 41.40043709581475, 11.445934095824782, 289.3131996518, 195.8910676355645], "ts_stds": [17.309769086294672, 2.943330250358031, 0.7696720345051896, 23.24711601673475, 16.32974456005863, 13.973282584129418, 5.088655380638981, 7.923246727839108, 4.248713039768322, 4.3204782137127635, 12.45216430082813, 0.0745424987553879, 9.227022124936228, 10.899727887004367, 836.9562376881878, 19.947908051221834, 124.99491954230344, 2.4361600949191784, 5.862612527299513, 1.7834614239876703, 3.878882856679839, 51.42412024057116, 2.587473923345647, 0.3990298818360656, 1.4143253792961321, 0.6405772430106529, 4.4809303318779286, 24.49428619495378, 5.492390150662815, 1.9704301387181615, 26.460105723551372, 7.708333548532989, 155.04584186846134, 103.77362509171131], "demo_means": [61.651594887839096, 0.0, 0.0, -52.03714497450806], "demo_stds": [16.512376476226645, 1.0, 1.0, 141.29654848084115], "class_balance": {"0": 0.9276328023306266, "1": 0.07236719766937333}}