{"ts_means": [84.54966409213763, 97.18705061586529, 36.97716743986019, 123.77007169855352, 82.42998172042476, 63.86442920668991, 18.71625889375067, 32.97407151643324, -0.6847529348699548, 24.069896839109123, 0.5621065041917828, 7.378940570300609, 41.029493600671444, 92.66808274889932, 254.99602701628925, 23.965860367000637, 102.54297305419213, 7.553285270529278, 105.83713796547296, 1.5176500578275434, 1.6990392038134, 136.89984027006494, 2.6654347820272846, 2.0522482581974684, 3.541707952258556, 4.136481317433373, 2.118646389909642, 8.327082258200987, 30.816187170463092, 10.436034307359765, 41.35660229381445, 11.463714569801235, 287.4196795414374, 196.5359243186248], "ts_stds": [17.3072343259785, 2.9476825322534372, 0.7658714172382478, 23.2496498339195, 16.352814760251857, 13.952230677598724, 5.099425196436845, 7.8486743907203165, 4.347271432493097, 4.4053979565199235, 12.41457215874569, 0.07458650895883075, 9.287303435873175, 10.854463135700483, 852.8125776345871, 20.074954836072262, 110.58275356438394, 2.441278921202179, 5.865908943194746, 1.8197122035737454, 3.4936349376271107, 51.441709619794096, 2.5507688397918424, 0.39979634526910945, 1.4256211268600694, 0.6383776848907444, 4.341278090368638, 24.17493682921977, 5.5094014663599, 1.9735830462639505, 26.436639801758087, 7.752399239619106, 151.53367738158937, 103.99179876952546], "demo_means": [61.58297373547569, 0.0, 0.0, -52.38472013888974], "demo_stds": [16.50029446985347, 1.0, 1.0, 140.56985884125717], "class_balance": {"0": 0.9271679166924937, "1": 0.07283208330750636}}