{"ts_means": [365.5698332898706, 86.90114166715014, 78.37705065508693, 61.066858041489226, 119.68850445780303, 97.88103920842636, 21.624911699836943, 0.12561015294500488, 144.04540710740477, 7.276764361916838, 37.007579253728196, 0.5444741914511438, 3.179799587827108, 5.290920460527097, 11.637734243606703, 2.797040486742282], "ts_stds": [48237.07159290756, 19.722845832469847, 123.8825706374611, 242.9101354996026, 29.750546234313813, 1004.7520576104122, 2421.206250873481, 0.33146341442943217, 72.16151855032537, 2.3193801423671903, 9.837218795150356, 0.2045971362354538, 1.122780061448128, 1.405155767856564, 3.897489860272377, 2.347173864220354], "demo_means": [31.068115856186697], "demo_stds": [66.76837200163835], "class_balance": {"0": 0.8683883196114435, "1": 0.13161168038855653}}