{"ts_means": [365.33734609002875, 87.05017344116803, 78.4371202121861, 61.18886636854697, 119.53579611679828, 97.88120913823829, 19.148339333145422, 0.12508614748449345, 144.24431826265098, 7.276426521930235, 37.010197928463654, 0.5435545705403556, 3.182584269662921, 5.289051418790957, 11.628862940557777, 2.798084344263917], "ts_stds": [48241.20656041797, 19.787456194190653, 154.06823969265133, 238.32445991271544, 29.7467659172067, 1004.5191305465376, 7.191186208855214, 0.3308735830761325, 72.5419494244158, 2.362422020293078, 9.840395137104206, 0.20349537978524862, 1.121858310439486, 1.408278549296725, 3.9113107810432792, 2.3460475851907105], "demo_means": [31.101071703475636], "demo_stds": [66.78921628559647], "class_balance": {"0": 0.8661850908875599, "1": 0.13381490911244004}}