{"ts_means": [83.185018573389, 86.96957135574151, 78.4819625253893, 61.06982731332063, 119.60589378207891, 96.84803759134341, 21.647559586560888, 0.11727814361868924, 144.1100747423576, 7.280711977076303, 37.006385041403455, 0.5449734435095849, 3.172550226230064, 5.2770814096797585, 11.581907497883742, 2.788165680473373], "ts_stds": [25.759872787205225, 19.708512936532053, 154.0428460832305, 221.81141137989937, 26.145974321045834, 19.98246727505776, 2420.604084816189, 0.32180188573998825, 72.30352858143199, 2.413514166787005, 9.831313250532883, 0.20467122551102146, 1.1280636792720367, 1.419904229652912, 3.9337881983348257, 2.3488171081018714], "demo_means": [31.657131011608623], "demo_stds": [67.22065167825416], "class_balance": {"0": 0.8676853826107558, "1": 0.13231461738924424}}