{"ts_means": [366.38630867186856, 86.97362745505421, 78.50525642204092, 61.24503726519068, 119.67719193394888, 97.83820862953044, 21.632003290734737, 0.1270855520056798, 143.8204804915822, 7.276757262819734, 36.99125726975215, 0.5430302105030492, 3.175812819734076, 5.284000269442452, 11.583188328202382, 2.785107157554845], "ts_stds": [48324.098039440556, 19.788338816876344, 153.73344454234837, 247.5917176398974, 29.78658387453176, 1003.9487174916527, 2419.8705418814425, 0.3331279167864197, 71.58614431037823, 2.333717265034176, 2.232640089754886, 0.20239172672185568, 1.1262009054178876, 1.4099350705527585, 3.922729734815633, 2.3485527177021144], "demo_means": [31.216134573239355], "demo_stds": [66.87443047816963], "class_balance": {"0": 0.867144464846295, "1": 0.1328555351537049}}