{"ts_means": [84.57470769454295, 97.19032614025389, 36.97584464201792, 123.76028960135066, 82.41877373165858, 63.82443692636505, 18.7268990842045, 33.00329936608901, -0.6869463682330783, 24.068697442052954, 0.5636462487455333, 7.379153965464697, 40.9752256587172, 92.62354190028219, 263.09504337050805, 23.918885877822134, 103.21874374374374, 7.560323464596851, 105.80174464006815, 1.5080231241779947, 1.8319472977036542, 136.75042218987423, 2.6547383036454097, 2.0521041238175353, 3.542011999105006, 4.136232624249003, 2.1453776007994, 8.178308523677684, 30.816798955092324, 10.439750204147343, 41.153507011814575, 11.439531845673518, 287.7031934395803, 196.68645107990633], "ts_stds": [17.31607343081424, 2.937182454093473, 0.7728195469333357, 23.188551498419884, 16.35108513112019, 13.973089153494278, 5.1062618430078475, 7.910997153296758, 4.25358557414089, 4.347015694663986, 12.448441687732291, 0.07431486771196413, 9.201704706615992, 10.978071439038745, 862.121680677822, 19.93979600952588, 124.90055381095313, 2.432728439768125, 5.868194676142791, 1.7957618707142977, 3.6778227112978947, 51.04381522754896, 2.5469965206780443, 0.39865462138512214, 1.4159807645412639, 0.64233412618914, 4.404732992784655, 24.369963553328905, 5.513244649623741, 1.978752772515816, 26.04843706309296, 7.911041489987496, 153.81301459608167, 104.74817263369594], "demo_means": [61.71745926385211, 0.0, 0.0, -52.19994761834158], "demo_stds": [16.467647625157248, 1.0, 1.0, 142.76029777391147], "class_balance": {"0": 0.9270439471889915, "1": 0.07295605281100849}}