{"ts_means": [84.55093936485099, 97.19308862954216, 36.978489228251554, 123.71798390201585, 82.37945983433094, 63.795087039234325, 18.736118674574616, 32.876072078315865, -0.6954134824622665, 24.075051581664443, 0.5241982387777946, 7.378809242153309, 41.01652104711646, 92.68953170411703, 253.14795969270676, 23.908021905988978, 100.62364452514248, 7.543109484791555, 105.79510206256995, 1.510717727814267, 1.8974459152002376, 137.0803231237112, 2.663652834644125, 2.0521003385143213, 3.5421359727892154, 4.136033465803675, 2.0672676954154396, 8.473603038493954, 30.786463857480626, 10.426228320071973, 41.26092721358516, 11.45375966260446, 287.4724681036644, 196.05453286085927], "ts_stds": [17.318921404256024, 2.947003829840029, 0.7715863807464027, 23.153633835553922, 16.272547702513748, 13.920088297816848, 5.097035634960563, 7.9884691493471305, 4.306035067283641, 4.369251623209722, 0.2954523740971146, 0.0743931071043141, 9.252509361102222, 10.789745235897625, 840.1683921520981, 20.0862544267561, 109.51277378039372, 2.439029279718347, 5.862884947315745, 1.8074349821328402, 3.818435738324021, 51.54912457278695, 2.5500632469635964, 0.3988935356966904, 1.42356671654685, 0.6440714724390061, 4.214499497831371, 25.57910539478699, 5.477173896120113, 1.9637184443300315, 26.471554862397294, 7.824730662034799, 152.75041165323734, 103.43129041242447], "demo_means": [61.67398315704683, 0.0, 0.0, -52.0458606578379], "demo_stds": [16.470456868784424, 1.0, 1.0, 138.9726878191241], "class_balance": {"0": 0.927880741337631, "1": 0.07211925866236905}}