{"ts_means": [83.18776907103951, 86.92943397875528, 78.48968717867967, 61.35698153556501, 119.59820596641242, 97.8531276536094, 21.616610883815092, 0.1271875, 143.82535643947318, 7.277902243884584, 37.014597893876385, 0.5463931858709598, 3.1775369605766994, 5.288773315482391, 11.618284386925502, 2.78776118930637], "ts_stds": [26.26773958218524, 19.726802066561714, 154.05512451577977, 271.53256972351727, 29.74773267756306, 1005.1908309763107, 2422.5594273130305, 0.33323496451526863, 67.36353490343346, 2.3579919699810192, 9.913358506083016, 0.20544876461019054, 1.1243058975304945, 1.4045501455965093, 3.9070126579634823, 2.345405798648874], "demo_means": [30.88746742478086], "demo_stds": [66.65032335817848], "class_balance": {"0": 0.8676261549395877, "1": 0.13237384506041222}}