{"ts_means": [84.61025564270409, 97.19632859427472, 36.974954489598794, 123.72787460538844, 82.36644323793819, 63.82116224881788, 18.718265229255078, 33.15326577327377, -0.6951320596719592, 24.07804122705943, 0.5611098582935261, 7.37864268201326, 41.036714660031535, 92.63919507187788, 274.5726640159046, 23.964445875066286, 104.36930022573364, 7.557280073714387, 105.85833040112597, 1.512628136335527, 1.8902382856136792, 136.97602042259498, 2.6405512017506783, 2.051640004282448, 3.5426640261208155, 4.135825972367313, 2.178509218924869, 8.28710415592097, 30.768236366748088, 10.423671296652982, 41.10676498866301, 11.444100753459908, 285.6702006983803, 195.18841917495178], "ts_stds": [17.36336969741681, 2.9287893157371507, 0.7746025864772105, 23.298919170824018, 16.340046910323817, 13.945961051375788, 5.090464218840854, 7.936720171600342, 4.311081122647722, 4.374774461163018, 12.363408919593397, 0.0746784376828986, 9.247922731158535, 10.89413418848645, 887.9575901855058, 20.014956603690873, 125.68494335855888, 2.4377237452551617, 5.886966920266597, 1.8015367320104712, 3.777691425865887, 51.32339769287041, 2.523978865554777, 0.39927428717145064, 1.4245407258118403, 0.6458652897571567, 4.502427304301143, 23.888302889927196, 5.481265568590787, 1.9625989250540639, 26.126285991855095, 7.655230710737304, 151.3560187318842, 102.96213128185298], "demo_means": [61.65199964458645, 0.0, 0.0, -51.635244831368425], "demo_stds": [16.475126609923315, 1.0, 1.0, 139.06443701799108], "class_balance": {"0": 0.9265790615508585, "1": 0.0734209384491415}}